{
  "load_times": {
    "VAD load": 0.008822750009130687,
    "ASR(OpenVINO) load": 5.0657911250018515,
    "Punc load": 1009.3876958749606,
    "Speaker load": 0.1395550409797579
  },
  "runs": [
    {
      "file": "/Users/raoqu/mylab/mtts/sample/yuanzhuo.wav",
      "duration": 108.544,
      "wall": 34.58019566698931,
      "rtf": 0.3185822861419269,
      "segments": 52,
      "speakers": 4,
      "stages": {
        "0. ffmpeg 转码": {
          "total": 0.18706141703296453,
          "count": 1
        },
        "1. VAD 切片": {
          "total": 0.20427874999586493,
          "count": 1
        },
        "2. 切片/重采样落盘": {
          "total": 0.013964999991003424,
          "count": 1
        },
        "3. ASR 识别": {
          "total": 19.96294358203886,
          "count": 10
        },
        "4. 标点恢复": {
          "total": 2.3507052920176648,
          "count": 10
        },
        "5. 说话人 embedding": {
          "total": 11.830188708030619,
          "count": 1
        },
        "6. 说话人聚类": {
          "total": 0.020948417019098997,
          "count": 1
        },
        "7. 声纹识别/登记": {
          "total": 0.0016234999638982117,
          "count": 1
        }
      }
    },
    {
      "file": "/Users/raoqu/mylab/mtts/sample/RAG_08min.wav",
      "duration": 476.5013125,
      "wall": 152.0019243749557,
      "rtf": 0.31899581467565363,
      "segments": 124,
      "speakers": 1,
      "stages": {
        "0. ffmpeg 转码": {
          "total": 0.22696262499084696,
          "count": 1
        },
        "1. VAD 切片": {
          "total": 0.8354395410278812,
          "count": 1
        },
        "2. 切片/重采样落盘": {
          "total": 0.06326704198727384,
          "count": 1
        },
        "3. ASR 识别": {
          "total": 86.5724076720071,
          "count": 28
        },
        "4. 标点恢复": {
          "total": 6.6856089980574325,
          "count": 28
        },
        "5. 说话人 embedding": {
          "total": 57.54995187500026,
          "count": 1
        },
        "6. 说话人聚类": {
          "total": 0.03316291602095589,
          "count": 1
        },
        "7. 声纹识别/登记": {
          "total": 0.0018439999548718333,
          "count": 1
        }
      }
    }
  ]
}